12350000|Sour cream dip
13110100|Ice cream, regular
13110120|Ice cream, rich
13110200|Soft serve ice cream
13120100|Ice cream bar, chocolate covered
13120500|Ice cream sandwich
13130300|Light ice cream
13130600|Light soft serve ice cream
13135000|Light ice cream sandwich
13140100|Light ice cream bar
13140900|Light fudgesicle
13150000|Sherbet
13160150|Low fat, low sugar ice milk
14104010|Cheese (cheddar, Swiss)
14104400|Feta or goat cheese
14107030|Mozzarella cheese (part skim)
14109030|Low fat cheddar or Swiss
14201010|Cottage cheese, creamed
14201500|Ricotta cheese
14204010|Lowfat cottage cheese
14301010|Cream cheese (regular)
14303010|Low fat cream cheese
14410200|American cheese (processed)
14410350|Fat-free American cheese
14420100|Cheese spread or dip
14620100|Cream cheese dip
14650100|Cheese sauce
14650150|Cheese sauce, low fat
14650160|Alfredo sauce
14660200|Fried cheese sticks
21101120|Grilled steak (eat lean & fat)
21101130|Grilled steak (eat lean only)
21102120|Fried steak (eat lean & fat)
21102130|Fried steak (eat lean only)
21103120|Breaded fried steak (eat lean & fat)
21103130|Breaded fried steak (eat lean only)
21304220|BBQ short ribs with sauce
21401110|Roast beef (eat lean & fat)
21401120|Roast beef (eat lean only)
21417120|Beef brisket
21501000|Ground beef (75% lean, regular)
21501200|Ground beef (80% lean)
13160410|Low fat ice cream
13210250|Diet pudding (instant or canned)
13210280|Pudding (instant or canned)
13220220|Pudding, no sugar added
13411000|White sauce (cream sauce)
13412000|Milk gravy
14640100|Grilled cheese sandwich
7258|Turkey lunch meat, fat free
92101000|Coffee
92101900|Latte
92161000|Cappuccino
7259|Turkey breast lunch meat, fat free
16126|Tofu, firm
16129|Fried tofu
23559|Ground beef (95% lean)
23564|Ground beef (90% lean)
11111000|Whole milk
11112110|2% milk (reduced fat)
11112210|1% milk (low fat)
11113000|Fat free milk (skim)
11114300|Low lactose lowfat (1%) milk
11114320|Low lactose fat free (skim) milk
11114330|Low lactose reduced fat (2%) milk
11114350|Low lactose whole milk
11115000|Buttermilk
11121300|Nonfat dry milk, reconstituted
11220000|Sweetened condensed milk
11320000|Soymilk
11321000|Flavored soymilk
11411100|Plain yogurt, whole milk
11411300|Plain yogurt, fat free
11421000|Flavored yogurt, whole milk
11422000|Flavored yogurt, low fat
11424000|Flavored yogurt, fat-free sugar-free
11431000|Fruit yogurt, whole milk
11432000|Fruit yogurt, low fat
11433500|Fruit yogurt, fat-free sugar-free
11460150|Frozen yogurt, low fat
11460400|Frozen yogurt, low fat sugar free
11460440|Frozen yogurt, whole milk
11511100|Chocolate milk, whole milk
11511200|Chocolate milk, 2% (reduced fat)
11511300|Chocolate milk, fat free (skim)
11511400|Chocolate milk, 1% (low fat)
11514100|Instant cocoa (with water)
11514300|Instant cocoa, diet (with water)
11526000|Malted milk (Ovaltine)
11541110|Milk shake (whole milk)
11541500|Milk shake, low fat
11553000|fruit smoothie made with milk
11560000|Chocolate flavored drink
11623000|Meal replacement drink (Slim Fast)
11812000|Dry milk powder, low fat
11830970|Meal replacement powder (Slim Fast)
12110100|Light cream
12120100|Half & Half
12140000|Whipped cream, sweetened
12210200|Coffee Mate (liquid)
12210250|Coffee Mate Lite (liquid)
12210400|Coffee Mate (powder)
12310100|Sour cream
12310350|Sour cream, low fat or light
21501300|Ground beef (85% lean)
21602100|Beef jerky
21603000|Pastrami (beef)
22101110|Grilled pork chop (eat lean & fat)
22101120|Grilled pork chop (eat lean only)
22101210|Fried pork chop (eat lean & fat)
92302000|Tea (unsweetened)
92410320|Soft drink, diet
92510610|Fruit drink (punch, ade, or cooler)
92511010|Lemonade
92520410|Crystal Lite (low-calorie fruit drink)
92530510|Cranberry juice cocktail
92560000|Gatorade or Powerade (sports drink)
92570100|Pedialyte
93101000|Beer or ale
93102000|Lite beer
93201000|Cordial or liqueur
93301030|Bloody Mary
93301060|Gin & tonic
93301090|Manhattan
93301100|Margarita
93301110|Martini
93301190|Rum & coke
93301200|Pina colada
93301450|Liqueur with cream
93401000|Table wine (all)
93402000|Dessert wine (all)
93404000|Wine cooler
93404500|Sangria
93501000|Brandy or cognac
93502000|Whiskey (bourbon, scotch, rye)
93503000|Gin
93504000|Rum
93505000|Vodka or tequila
94000000|Water
94210100|Fitness Water (Propel)
42110000|Mixed nuts
43103000|Sesame seeds
43104000|Flax seed
54338000|Wheat cracker
56207110|Bulgur, no fat added
56207150|Couscous, no fat added
62125100|Raisins
72116000|Romaine lettuce
82101000|Vegetable oil (canola, corn, olive, etc)
12210410|Coffee Mate Lite  (powder)
12220200|Cool Whip
12220250|Lowfat Cool Whip
14108010|Parmesan or Romano cheese
91501010|Jello
91501020|Jello with fruit
91511010|Sugar-free Jello (diet)
91511020|Sugar-free Jello with fruit (diet)
91601000|Fruit ice (Italian fruit ice)
91705010|Milk chocolate bar or candy (plain)
91705020|Krackel or Crunch Bar
91705050|Milk chocolate fruit & nut bar
91705060|Milk chocolate bar with almonds
91705200|Chocolate chips
91705300|Dark chocolate candy bar
91706000|Coconut candy, chocolate-covered
91707010|Chocolate-covered candy
91708030|Fruit roll-up (fruit snack chews)
91715100|Snickers candy bar
91718100|Butterfinger candy bar
91723000|Marshmallows
91726130|Milky Way candy bar
91731010|M&M's candies with peanuts
91733000|Peanut brittle
91734100|Peanut butter cups (Reese's)
91734400|Fast Break candy bar (Reese's)
91745020|Hard candy
91746100|M&M's plain chocolate candies
91750000|Taffy
91770020|Dietetic hard candy
91770030|Dietetic chocolate-covered candy
91801000|Chewing gum (made with sugar)
91802000|Chewing gum (sugar-free)
92305040|Tea (sweetened)
92410110|Tonic water (quinine water)
92410210|Club soda (seltzer)
92410310|Soft drink, regular
83101000|Blue cheese dressing
83104000|French dressing
83106000|Italian dressing (oil & vinegar)
83107000|Mayonnaise, regular
83110000|Miracle whip salad dressing
83112500|Creamy dressing (ranch)
83113000|Sweet & sour dressing
83114000|Thousand island dressing
83200100|Low-calorie salad dressing
83204000|Low-calorie mayonnaise
83205500|Fat-free Italian dressing
83207100|Fat-free thousand island dressing
83210200|Fat-free ranch dressing
91101010|White sugar (granulated or lump)
91101020|Powdered sugar (confectioner's sugar)
91102010|Brown sugar
91200000|Calorie-free sweetener
91301080|Chocolate sauce (thin type)
91301250|Syrup (all types)
91302010|Honey
91304010|Butterscotch sauce
91304020|Fudge sauce (thick type)
91304030|Fruit topping
91304040|Marshmallow topping
91304060|Nut topping (wet)
91304090|Nutella (chocolate hazelnut spread)
91305010|Chocolate icing
91305020|White icing
91351010|Dietetic syrup
91351020|Dietetic topping
91361010|Sweet and sour sauce (Vietnamese Sauce)
91361040|Vanilla or rum dessert sauce
91361050|Duck sauce
91401000|Jelly
91402000|Jam or preserves
91405000|Dietetic jelly (low cal sweetener)
91406500|All-fruit preserves (no added sugar)
91406600|Jam or preserves (low sugar)
91611000|Popsicle
91611100|Sugar-free popsicle (diet)
91621000|Slurpee or snow cone
91701010|Chocolate-covered almonds
91703010|Tootsie roll
91703020|Caramel candy
91703200|Twix cookie bars
75216171|Yellow corn (corn on the cob)
75217010|Cooked eggplant
75219011|Cooked mushrooms
75340010|Vegetable combo (Asian style)
75340160|Vegetable-pasta combo with cream sauce
75340200|Tofu and vegetables (Monk's food)
75410500|Chiles rellenos
75411010|Corn pudding (scalloped corn)
75411020|Corn fritter
75412060|Eggplant Parmesan
75414020|Stuffed mushrooms (bread, meat & cheese)
75414030|Breaded fried mushrooms
75414500|Fried okra
75415020|Onion rings
75416500|Pea salad
75418010|Breaded fried summer squash
75440170|Breaded fried vegetable sticks
75440200|Vegetable tempura
75460700|Vegetable-pasta combo
75500210|Pickled beets
75501010|Corn relish
75502520|Kim chee (made from cabbage)
75503010|Dill pickle
75503020|Pickle relish
75503040|Sweet pickle (gherkin)
75503090|Horseradish
75506010|Mustard
75510010|Green olives
75510020|Black olives
75511010|Tabasco sauce (hot sauce)
75607010|Cream of mushroom soup (made with milk)
75608100|French onion soup
75649010|Vegetable soup
75651010|Minestrone soup
75651070|Vegetable rice soup
75651020|Vegetable beef soup (canned)
75652010|Vegetable beef soup (homemade)
75657000|Vegetable broth
77300000|Wrap sandwich (vegetables only)
81101000|Butter
81101010|Whipped butter
81101500|Light butter
81102010|Stick margarine
81102020|Tub margarine
81103080|Tub spread (margarine type)
81104010|Reduced-calorie spread (margarine type)
81104100|Fat-free spread (margarine type)
81201000|Bacon grease (or meat drippings)
81203100|Vegetable shortening
81301020|Lemon-butter sauce
81302010|Hollandaise sauce
81302050|Tartar sauce
81302060|Horseradish sauce
81302070|Pesto sauce
83203250|Fat-free mayonnaise-type dressing
74101000|Raw tomatoes
74201001|Cooked tomatoes
74204013|Stewed tomatoes
74205011|Fried green tomatoes
74206000|Dried tomatoes
74301100|Tomato juice
74303000|V-8 juice (tomato-vegetable juice)
74401010|Ketchup (catsup)
74402100|Salsa
74402250|Enchilada sauce
74402350|Green tomato-chile sauce
74403010|Tomato sauce
74404010|Spaghetti sauce (meatless)
74404060|Spaghetti sauce, fat-free (meatless)
74406010|Barbeque sauce
75105000|Raw cabbage
75107000|Raw cauliflower
75109000|Raw celery
75109500|Chives
75109550|Cilantro
75111000|Cucumber
75111500|Garlic
75113000|Lettuce
75114000|Mixed salad greens
75115000|Raw mushrooms
75117020|Raw onion
75119000|Parsley
75121000|Raw hot pepper (jalapeno)
75122100|Raw sweet pepper (bell pepper)
75125000|Radish
75141000|Coleslaw
75143000|Tossed salad (lettuce and vegetables)
75201011|Artichoke
75202011|Cooked asparagus
75204011|Cooked green lima beans
75205023|Cooked green beans
75207011|Cooked bean sprouts
75208011|Cooked beets
75209012|Cooked Brussels sprouts
75211020|Cooked cabbage
75214011|Cooked cauliflower
75216153|Cream style corn
75220011|Boiled or steamed okra
75221011|Cooked onions
75223011|Blackeye peas
75224021|Cooked green peas
75226010|Cooked sweet peppers
75226101|Cooked hot peppers
75230010|Sauerkraut
75231011|Cooked snowpeas
75233011|Zucchini or summer squash
75234011|Cooked turnip
75235000|Water chestnut
75236500|Vegemite
75301110|Succotash (lima beans and corn)
75302080|Bean salad (green, yellow, kidney beans)
75307000|Sauteed green peppers & onions
75311012|Cooked mixed vegetables
75317000|Stew vegetables
71103010|Boiled potatoes
71104010|Roasted potatoes
71201010|Potato chips, regular (all flavors)
71401030|French fries, deep-fried
71403000|Home fries
71405020|Hash browns
71411000|Potato skin with cheese & bacon
71501010|Mashed potatoes (with milk, no butter)
71501020|Mashed potatoes (with milk and butter)
71501030|Mashed potatoes (with butter)
71505000|Tator tots
71508010|Stuffed baked potato (with sour cream)
71508020|Stuffed baked potato (with cheese)
71601010|Potato salad with egg
71603010|Potato salad
71701000|Potato pancake (latke)
71702000|Potato pudding
71801010|Cream of potato soup
71851010|Plantain soup
71900100|Plantain (boiled or baked)
71905110|Fried plantain
71930100|Cassava
71930200|Cassava bread
71931010|Cassava with creole sauce
71962010|Taro (cocoyam), boiled
72116140|Caesar salad with dressing
72118211|Greens, cooked without fat
72118221|Greens, cooked with fat
72125100|Raw spinach
72125212|Cooked spinach
72125232|Creamed spinach
72201100|Raw broccoli
72201211|Cooked broccoli
72201230|Broccoli with cheese sauce
72202020|Broccoli-rice casserole
72302000|Cream of broccoli soup
72302100|Broccoli cheese soup
73101010|Raw carrots
73101110|Carrot salad
73102211|Cooked carrots
73102241|Glazed carrots
73105010|Carrot juice
73111212|Peas and carrots
73303010|Baked winter squash
73403010|Baked sweet potato
73406000|Candied sweet potato
73409000|Mashed sweet potato
74406100|Steak sauce (A-1)
74406500|Cocktail sauce
74506000|Tomato cucumber salad, with oil & vinegar
74601010|Cream of tomato soup
74602010|Tomato soup (made with water)
75101000|Raw bean sprouts
63131010|Nectarine (raw)
63133010|Papaya (raw)
63135010|Peach (raw)
63135140|Peach (canned in light syrup)
63137010|Pear (raw)
63137140|Pear (canned in light syrup)
63139010|Persimmons (raw)
63141010|Pineapple (raw)
63141140|Pineapple (canned in light syrup)
63143010|Plum (raw)
63145010|Pomegranate (raw)
63149010|Watermelon (raw)
63203010|Blueberries (raw)
63207110|Cranberry sauce
63219020|Raspberries (raw)
63223020|Strawberries (raw)
63223130|Strawberries (cooked or canned in syrup)
63301010|Ambrosia
63311000|Fruit salad (no dressing)
63311130|Fruit cocktail (canned in heavy syrup)
63311140|Fruit cocktail (canned in light syrup)
63401010|Waldorf salad (apple salad in dressing)
63409010|Guacamole
63415100|Fruit soup
63420110|Frozen fruit juice bar
63420200|Low-calorie frozen fruit juice bar
63430100|Sorbet (made with fruit)
64100110|100% Fruit juice blend (Juicy Juice)
64101010|Apple cider
64104010|Apple juice (100% juice)
64105400|Cranberry juice (100% juice)
64116020|Grape juice (100% juice)
64124020|Pineapple juice (100% juice)
64132020|Prune juice (100% juice)
64134000|fruit smoothie (no milk)
64205010|Peach nectar
64401000|Vinegar
71101000|Baked potato, plain (don't eat peel)
71101110|Baked potato, plain (eat peel)
71201050|Reduced fat potato chips (all flavors)
71201100|Pringles potato chips
71201250|Baked Pringles potato chips
71205000|Potato sticks
71301020|Au gratin potatoes
71305010|Scalloped potatoes
71401020|French fries, oven-baked
58134310|Seafood stuffed shells with tomato sauce
58134620|Cheese tortellini with tomato sauce
58134660|Cheese tortellini with cream sauce
58134680|Cheese tortellini, no sauce
58136120|Lo mein (meatless)
58136130|Shrimp lo mein
58145110|Macaroni and cheese (homemade type)
58145114|Macaroni and cheese (from dry mix)
58145130|Macaroni and cheese with beef
58148110|Macaroni salad
58148120|Macaroni salad with egg
58148500|Pasta salad with vegetables
58148550|Pasta salad with meat and vegetables
58149110|Noodle pudding
58200200|Wrap sandwich (vegetables, rice)
58403010|Chicken noodle soup
58404010|Chicken rice soup
58404500|Matzo ball soup
58407030|Ramen noodle soup
58408010|Won ton soup
58421080|Tortilla soup
61101010|Grapefruit (raw)
61101230|Grapefruit (canned, light syrup)
61119010|Orange (raw)
61122330|Mandarin oranges (light syrup)
61125010|Tangerine (raw)
61201020|Grapefruit juice (unsweetened)
61204010|Lemon juice
61210220|Orange juice (100% juice)
61210230|Orange juice (sweetened)
62101000|Dried fruit (apricot, apple, etc.)
62101300|Apple chips
62107200|Banana chips
62113100|Fig (dried)
62122100|Prunes
63101000|Apple (raw)
63101120|Applesauce (unsweetened)
63101130|Applesauce (sweetened)
63101330|Baked apple (sweetened)
63103010|Apricot (raw)
63103150|Apricot (canned, light syrup)
63105010|Avocado
63107010|Banana
63109010|Cantaloupe
63111010|Maraschino cherries
63115010|Sweet cherries (raw)
63123000|Grapes (raw)
63125010|Guava (raw)
63126500|Kiwifruit (raw)
63127010|Honeydew melon (raw)
63129010|Mango (raw)
58100310|Bean burrito
58100320|Bean and cheese burrito
58100530|Beef and cheese enchilada
58100600|Chicken enchilada
58100710|Bean enchilada
58100800|Cheese enchilada
58101300|Beef taco with cheese and lettuce
58101320|Beef taco (cheese, lettuce, tomato, salsa)
58104740|Chicken & cheese quesadilla
58104810|Taquitoes
58105000|Chicken fajitas with veggies & guacamole
58105050|Beef fajitas with veggies
58106220|Cheese pizza, thin crust
58106230|Cheese pizza, thick crust
58106320|Vegetable pizza, thin crust
58106330|Vegetable pizza, thick crust
58106520|Meat pizza, thin crust
58106530|Meat pizza, thick crust
58106720|Meat & veggie pizza, thin crust
58106730|Meat & veggie pizza, thick crust
58108010|Meat & cheese calzone or stromboli
58108050|Pizza rolls or bites
58110110|Egg roll with vegetables
58110130|Egg roll with meat
58111110|Fried wonton
58112510|Steamed dumpling, meat filled
58125110|Quiche (with meat, poultry or fish)
58125120|Spinach quiche
58126130|Meat and cheese turnover (Hot Pockets)
58127330|Sausage, egg, and cheese croissant
58130010|Meat lasagna
58130320|Spinach lasagna (vegetarian)
58131323|Meat ravioli with tomato sauce
58131510|Cheese ravioli (no sauce)
58132110|Spaghetti with tomato sauce (meatless)
58132310|Spaghetti with meat sauce
58133120|Cheese manicotti with tomato sauce
58150110|Fried rice (plain)
58150310|Chicken or pork fried rice
58150510|Shrimp fried rice
58151130|Nigiri sushi (with fish and veggies)
58151140|Maki sushi (rolled sushi with veggies)
58160110|Rice and beans
58161300|Rice with tomato sauce
58162110|Stuffed pepper (with rice and meat)
58163410|Spanish rice
58163610|Rice with vegetables
58200100|Wrap sandwich (meat, vegetables, rice)
57305100|Lucky Charms cereal
57330000|Raisin bran cereal
57336000|Rice Chex cereal
57339000|Rice Krispies cereal
57344000|Special K cereal
57347000|Corn Pops cereal
57349000|Frosted Flakes cereal
57406100|Total cereal
57407100|Trix cereal
57417000|Shredded wheat cereal
57418000|Wheaties cereal
57601100|Wheat bran, unprocessed
58100100|Beef burrito (no beans)
58100110|Beef and bean burrito
58100130|Beef and cheese burrito (no beans)
58100140|Beef, bean, and cheese burrito
58101400|Beef soft taco
58101450|Chicken soft taco
58101720|Bean taco (cheese, lettuce, tomato, salsa)
58101910|Taco salad with beef, cheese, corn chips
58103110|Tamale (with meat or chicken)
58104100|Cheese nachos
58104180|Beef and bean nachos
58104250|Chicken nachos
58104510|Beef chimachanga
58104530|Chicken chimichanga
58104710|Cheese quesadilla
58104730|Meat and cheese quesadilla
22101220|Fried pork chop (eat lean only)
22101310|Breaded pork chop (eat lean & fat)
22101320|Breaded pork chop (eat lean only)
22210400|Roast pork tenderloin
22311020|Smoked ham (lean)
22401020|Roast pork (lean)
22501010|Canadian bacon
22601000|Bacon
22701010|Pork spareribs (eat lean & fat)
22701020|Pork spareribs (eat lean only)
22701040|BBQ spareribs & sauce (eat lean & fat)
22701050|BBQ spareribs & sauce (eat lean only)
22709010|Fried pork rinds
23101020|Lamb chop
23203110|Broiled veal chop
23205030|Veal cutlet or steak, fried
23210020|Roasted veal
23321100|Roasted venison
24107010|Battered fried chicken (eat skin)
24122110|Baked chicken breast (eat skin)
24122120|Baked chicken breast (no skin)
24124120|Fried chicken breast (no skin)
24127110|Battered fried chicken breast
24127150|Battered fried chicken breast, no skin
24132210|Baked chicken dark meat (eat skin)
24132220|Baked chicken dark meat (no skin)
24142220|Baked chicken drumstick (no skin)
24147210|Fried chicken drumstick (battered)
24152220|Baked chicken thigh (no skin)
24154210|Fried chicken thigh (eat skin)
24154220|Fried chicken thigh (no skin)
24157210|Fried chicken thigh (battered)
24164110|Fried chicken wing (no coating)
24167110|Fried chicken wing (battered)
24198700|Chicken patty or fillet (breaded)
24198740|Chicken nuggets
24201120|Roasted turkey (white meat)
24201320|Roasted turkey (white & dark meat)
24207000|Ground turkey
24208500|Turkey bacon
24301010|Roasted duck
24401010|Roasted Cornish game hen
25110140|Fried beef liver
25110450|Fried chicken liver
25112200|Chicken liver pate
25210230|Low fat hot dog
25210280|Hot dog (frankfurter)
25220350|Bratwurst
25220400|Bologna
25220500|Low fat bologna
25221250|Pepperoni
25221310|Polish sausage
25221470|Breakfast sausage (brown & serve)
25221850|Turkey sausage
25221910|Vienna sausage
25230210|Deli ham (regular)
25230230|Deli ham (extra lean)
25230310|Deli chicken or turkey loaf
25230900|Deli sliced turkey or chicken breast
25231110|Deli sliced roast beef
25240110|Chicken salad spread
25240220|Ham salad spread
26100120|Baked fish
26100150|Fried fish (breaded or battered)
26100230|Baked battered fish fillet
26100240|Fried breaded fish fillet
26101110|Anchovy
26107120|Baked or broiled catfish
26107150|Fried catfish (breaded or battered)
26109120|Baked or broiled cod
26109150|Fried cod (breaded or battered)
26115120|Baked or broiled flounder
26127120|Baked or broiled perch
26137120|Baked or broiled salmon
26137190|Smoked salmon (lox)
26151120|Baked or broiled trout
26153120|Baked or broiled tuna
26155180|Canned tuna (in oil)
26155190|Canned tuna (in water)
26157140|Fried whiting (floured or breaded)
26213140|Fried calamari (fried squid)
26303150|Fried clams (battered)
26303160|Steamed clams (oysters, mussels)
26305160|Steamed crab (hard shell)
26309160|Steamed or boiled crayfish
26311160|Steamed or boiled lobster
26315150|Fried oysters (breaded or battered)
26317120|Baked or broiled scallops
26317140|Fried scallops (floured or breaded)
26319120|Baked, broiled, or sauteed shrimp
26319130|Steamed or boiled shrimp
26319140|Fried shrimp (breaded or battered)
27111050|Spaghetti sauce (with meat)
27111410|Chili con carne (with beans)
27111500|Beef sloppy joe (no bun)
27112010|Salisbury steak with gravy
27115100|Teriyaki steak with sauce
27116100|Beef curry
27116200|Beef with BBQ sauce
27120030|Pork or ham with BBQ sauce
27120060|Sweet & sour pork
27120120|Sausage gravy
27141000|Chicken cacciatore
27145000|Chicken teriyaki
27146000|Chicken with BBQ sauce
27146050|Buffalo wing (chicken wing & sauce)
27146100|Sweet & sour chicken
27146150|Chicken curry
27146250|Chicken cordon bleu
27146300|Chicken Parmigiana
27146350|Lemon chicken
27211400|Corned beef hash
27212100|Beef, tomato sauce & noodles
27212350|Beef stroganoff with noodles
27214100|Meatloaf or meatball, no sauce
27214110|Meatloaf or meatballs & tomato sauce
27243300|Chicken and rice with cream sauce
27243500|Chicken and rice with tomato sauce
27246100|Chicken and dumplings
27250040|Crab cake
27250060|Gefilte fish
27250520|Imitation crabmeat
27250610|Tuna noodle casserole
27311410|Beef stew, potatoes & vegetables
27313150|Stir-fried beef, veggies & noodles
27313220|Beef, veggies & noodles (tomato sauce)
27315250|Stuffed cabbage rolls (beef & rice)
27320070|Pork, veggies and noodles (tomato sauce)
27320320|Stir-fried pork, vegetables & rice
27320500|Sweet & sour pork on rice
27343480|Chicken, veggies & noodles (cream sauce)
27343910|Chicken chow mein with noodles
27345310|Stir-fried chicken & veggies on rice
27347100|Chicken or turkey pot pie
27363000|Gumbo (with rice, New Orleans type)
27363100|Jambalaya (with meat & rice)
27420080|Greens with ham or pork
27445110|Stir-fried chicken and vegetables
27445150|General Tso chicken
27445220|Kung Pao chicken
27446200|Chicken salad (with celery, mayo)
27450060|Tuna salad (with celery, mayo)
27450080|Seafood salad (with tomatoes, dressing)
27450100|Tuna egg salad (with celery, mayo)
27450410|Stir-fried shrimp and vegetables
27460490|Chef salad, no dressing
27460710|Chopped chicken liver
27460750|Liver and onions
27510210|Cheeseburger, plain on bun
27510240|Quarter pound cheeseburger on bun
27510300|Double cheeseburger on double deck bun
27510360|Bacon cheeseburger on bun
27510500|Hamburger, plain on bun
27510530|Quarter pound hamburger on bun
27510540|Double hamburger on bun
27510700|Meatball Sub
27513010|Roast beef sandwich
27515010|Steak sandwich on roll
27515070|Philly cheese steak (pepper, onion, roll)
27520130|Club sandwich (chicken, bacon, tomato)
27520300|Ham sandwich with mayo
27540110|Chicken sandwich with mayo
27540140|Fried chicken fillet sandwich
27550000|Fried fish sandwich with tartar sauce
27560300|Corn dog (hot dog, cornbread coating)
27560350|Pig in a blanket (hot dog in dough)
27560650|Sausage biscuit
28110270|Beef sirloin frozen meal
28110310|Salisbury steak frozen meal
28141010|Fried chicken frozen meal
28141200|Chicken Teriyaki frozen meal
28141250|Chicken with rice diet frozen meal
28143080|Chicken fettuccine diet frozen meal
28145210|Turkey with dressing frozen meal
28154010|Shrimp with pasta diet frozen meal
28310110|Beef broth or consomme
28311010|Pepperpot soup or menudo soup
28315100|Chunky beef vegetable soup
28315140|Mexican beef vegetable soup
28315150|Pozole
28340310|Chicken gumbo soup
28340550|Sweet & sour soup
28340660|Chicken vegetable soup
28340670|Mexican chicken vegetable soup with rice
28340750|Hot & sour soup
28345130|Cream of chicken soup (with water)
28355120|New England clam chowder
28355250|Lobster bisque
28500000|Chicken gravy
28500040|Beef gravy
28500100|Mushroom gravy
28522000|Mole poblana sauce
31103000|Hard or soft boiled egg
31105000|Fried egg
31109010|Egg white
32102000|Deviled egg
32103000|Egg salad
32104950|Scrambled egg (cooked without fat)
32105000|Scrambled egg (cooked with fat)
32202010|Egg, cheese & ham on English muffin
32202030|Egg, cheese & sausage on English muffin
32202060|Egg & sausage on biscuit
32202070|Egg, cheese & bacon on biscuit
32300100|Egg drop soup
33201010|Egg Beaters
41101010|Dry beans, cooked with fat
41101020|Dry beans, cooked without fat
41201020|Baked beans
41205010|Refried beans
41205070|Hummus
41208030|Pork & beans
41301020|Dry blackeye peas, cooked without fat
41302020|Chickpeas
41303000|Split peas
41305000|Lentils
41410010|Soy nuts
41420010|Tofu
41420300|Soy sauce
41420400|Teriyaki sauce
41420450|Worcestershire sauce
41430000|Protein powder
41480010|Tofutti tofu frozen dessert
41601010|Bean soup
41601070|Miso soup
41601090|Bean soup with macaroni
41601110|Bean soup with ham
41602030|Split pea soup with ham
41603010|Lentil soup
41810250|Meatless bacon bits
41810400|Meatless sausage
41810610|Meatless fried chicken (breaded)
41811400|Meatless hot dog (no bun)
41811900|Soy burger (no bun)
41811910|Veggie burger (no bun)
41812450|Vegetarian chili
41812900|Vegetarian meatloaf or patty
42100100|Almonds
42102000|Brazil nuts
42104000|Cashews
42105000|Roasted chestnuts
42106020|Shredded sweetened coconut
42107000|Filberts (hazelnuts)
42109100|Macadamia nuts
42111000|Peanuts
42112000|Pecans
42113000|Pine nuts (pignolias)
42114100|Pistachios
42116000|Walnuts
42202000|Peanut butter
42202150|Peanut butter, reduced fat
42203000|Peanut butter & jelly spread
42204050|Peanut sauce
42401010|Coconut milk
42501000|Trail mix (nuts, seeds, dried fruit)
43102000|Sunflower seeds
51101000|White bread
51107010|French bread
51108010|foccacia
51109100|Pita bread (white)
51111010|Cheese bread
51113010|Cinnamon bread or toast
51121010|Garlic bread
51122000|Diet high-fiber bread
51129010|Raisin bread
51133010|Sourdough bread
51150000|White roll
51157000|Sub roll
51160110|Frosted sweet roll or cinnamon bun
51165060|Coffee cake
51165100|Fat-free coffee cake
51166000|Croissant
51180010|Bagel (plain)
51180030|Raisin bagel
51182010|Bread stuffing
51184000|Bread stick
51185000|Croutons
51186010|English muffin
51186100|English muffin with raisins
51187000|Melba toast
51201010|100% whole wheat bread
51201150|Pita bread (100% whole wheat)
51202000|Whole wheat English muffin
51208000|100% whole wheat bagel
51301010|Wheat or cracked wheat bread
51301700|Wheat Bagel (part whole wheat)
51303010|Cracked wheat English muffin
51320530|Wheat roll (part whole wheat)
51401010|Rye bread
51601020|Multigrain bread
51602010|Diet high-fiber multigrain bread
52102040|Refrigerated biscuit (canned dough)
52103000|Buttermilk biscuit
52204000|Cornbread stuffing
52206010|Cornbread or corn muffin
52209010|Hush puppy
52215100|Corn tortilla
52215200|Flour (wheat) tortilla
52215260|Whole wheat tortilla
52215300|Taco or tostada shell
52302010|Blueberry or banana muffin
52302100|Fat-free berry or banana muffin
52302500|Chocolate chip muffin
52304010|Bran muffin
52304040|Lowfat bran & fruit muffin
52306010|Plain muffin
52308010|Matzo pancake
52308020|Matzo ball
52405010|Fruit bread (banana, etc.)
52407000|Zucchini bread
53101100|Angel food cake
53104260|Carrot cake with icing
53104500|Cheesecake
53105260|Chocolate cake with icing
53108200|Chocolate cupcake with icing/filling
53112100|Ice cream cake
53116000|Pound cake
53119000|Upside down cake (with fruit)
53120260|White cake with icing
53121260|Yellow cake with icing
53123070|Fruit shortcake with whipped cream
53203500|Biscotti
53204010|Brownie, no icing
53204100|Brownie with icing
53206000|Chocolate chip cookie
53206030|Reduced-fat chocolate chip cookie
53207000|Chocolate fudge cookie
53208200|Moon pie
53209000|Oreo or thin mint cookie
53209020|Reduced-fat Oreo
53210000|Chocolate wafer cookie
53220030|Fig bar (Fig Newton)
53222010|Fortune cookie
53222020|Ice cream cone (wafer or cake, shell only)
53222100|Ice cream cone (sugar cone, shell only)
53226500|Marshmallow rice krispies bar
53233010|Oatmeal raisin cookie
53233040|Reduced-fat oatmeal raisin cookie
53234000|Peanut butter cookie
53239000|Shortbread cookie
53241500|Sugar cookie
53243000|Vanilla sandwich cookie
53247000|Vanilla wafer
53301000|Apple pie, two crust
53301500|Apple pie with crumb topping
53342000|Chocolate cream pie
53347000|Pumpkin pie
53381000|Lemon meringue pie
53385000|Pecan pie
53400200|Cheese blintz
53400300|Fruit blintz
53410800|Peach cobbler
53415100|Apple crisp
53420200|Cream puff or Ã©clair
53510000|Plain Danish pastry
53510100|Fruit-filled Danish pastry
53511000|Cheese Danish pastry
53511500|Fat-free cheese Danish pastry
53520110|Cake doughnut
53520140|Cake doughnut, frosted
53521100|Chocolate raised doughnut, frosted
53521110|Raised doughnut
53521130|Raised doughnut, frosted
53521140|Jelly doughnut
53530000|Pop Tart
53540200|Breakfast bar
53541200|Meal replacement bar (Slim Fast bar)
53542100|Granola bar
53542200|Lowfat granola bar
53544200|Chocolate-covered granola bar
53544450|Fortified high energy bar (Powerbar)
54101010|Animal cracker
54102010|Graham cracker
54301000|Snack cracker
54301100|Reduced-fat snack cracker
54304000|Cheese cracker
54304100|Reduced fat cheese cracker
54307000|Matzo
54325000|Saltine cracker
54328100|Peanut butter sandwich cracker
54328200|Cheese sandwich cracker
54337000|100% whole wheat cracker (Triscuit)
54337050|Reduced-fat Triscuit
54401020|Corn chips (Fritos)
54401050|Corn puffs (Cheetos)
54401080|Tortilla chips (Doritos, Tostitos)
54401150|Baked or low-fat tortilla chips
54401210|Low-fat corn puffs (cheese curls)
54403000|Popcorn (oil popped, no butter)
54403020|Buttered popcorn
54403070|Low-fat popcorn
54403110|Caramel corn
54408010|Hard pretzels
54408020|Soft pretzel
54420010|Snack Mix (pretzel, nut, cereal mix)
55101000|Pancakes
55103000|Blueberry pancakes
55105200|Whole wheat pancakes
55201000|Waffle
55202000|Bran, multigrain, or wheat waffle
55211050|Lowfat waffle
55301000|French toast
55301050|French toast sticks
56101010|Spaghetti, macaroni, or pasta (plain)
56112010|Egg noodles (no fat added)
56112030|Egg noodles with butter or oil
56117000|Mung bean noodles
56117090|Chow fun rice noodles
56133000|Whole wheat spaghetti or pasta (plain)
56200400|Cooked barley
56201010|Grits, no fat added
56201020|Grits, with butter
56203010|Oatmeal (plain)
56203030|Oatmeal (flavored)
56205010|White rice, no fat added
56205110|Brown rice, no fat added
56205210|Wild rice, no fat added
56205420|White rice, with butter or oil
56207010|Cream of wheat
57101000|All-Bran cereal
57104000|Apple Jacks cereal
57117000|Cap'n Crunch cereal
57123000|Cheerios
57124000|Chex cereal (corn, wheat, or bran)
57125000|Cinnamon Toast Crunch cereal
57128000|Cocoa Puffs cereal
57135000|Corn flakes cereal
57206700|Fiber One cereal
57207000|Bran flakes cereal
57213000|Froot Loops cereal
57214000|Frosted Mini-Wheats cereal
57223000|Fruity Pebbles cereal
57224000|Golden Grahams cereal
57228000|Granola cereal (homemade)
57229000|Low-fat granola cereal
57230000|Grape-Nuts cereal
57237100|Honey Bunches of Oats cereal
57238000|Honeycomb cereal
57241000|Honey Nut Cheerios
57243000|Honey Smacks cereal
57301500|Kashi, puffed
57303100|Kix cereal
57304100|Life cereal (plain & cinnamon)
